variant,tp_intended,fn_intended,fp_off_target,recall,precision,any_summary_canary_rate,cesr_types_any,n_prompts,n_distinct_canary_types,n_canary_types_seen
baseline,13,43,10,0.23214285714285715,0.5652173913043478,0.84,0.3442622950819672,25,61,21
dpdd,5,51,2,0.08928571428571429,0.7142857142857143,0.32,0.13114754098360656,25,61,8
