{
  "global": {
    "baseline": {
      "rouge1": 0.5981177165103473,
      "rouge2": 0.5863508496757692,
      "rougeL": 0.5956864294383278,
      "bertscore_precision": 0.9029148309319107,
      "bertscore_recall": 0.9677466507311221,
      "bertscore_f1": 0.9334478069234777,
      "precision": 0.2962962962962963,
      "recall": 0.2962962962962963,
      "fpr": 0.0,
      "leak_rate": 0.0,
      "copy_rate": 0.060468631897203313,
      "suppress_rate": 0.0,
      "any_summary_canary_rate": 0.060468631897203313,
      "cesr_types_any": 0.060740740740740734,
      "cesr_types_leak": 0.0,
      "sum_tp": 160,
      "sum_fp": 0,
      "sum_fn": 0,
      "sum_tn": 1368
    },
    "dpdd": {
      "rouge1": 0.6378159977926602,
      "rouge2": 0.6315115345198336,
      "rougeL": 0.6378159977926602,
      "bertscore_precision": 0.9012229939301809,
      "bertscore_recall": 0.9797188366452853,
      "bertscore_f1": 0.9385098194082578,
      "precision": 0.3333333333333333,
      "recall": 0.3333333333333333,
      "fpr": 0.0,
      "leak_rate": 0.0,
      "copy_rate": 0.06802721088435375,
      "suppress_rate": 0.0,
      "any_summary_canary_rate": 0.06802721088435375,
      "cesr_types_any": 0.06833333333333334,
      "cesr_types_leak": 0.0,
      "sum_tp": 160,
      "sum_fp": 0,
      "sum_fn": 0,
      "sum_tn": 1308
    }
  },
  "global_conditional": {
    "baseline": {
      "precision_cond": 1.0,
      "recall_cond": 1.0,
      "fpr_cond": 0.0
    },
    "dpdd": {
      "precision_cond": 1.0,
      "recall_cond": 1.0,
      "fpr_cond": 0.0
    }
  },
  "by_hparam_combo": [
    {
      "learning_rate": 0.0003,
      "lora_rank": 4.0,
      "retrieval_docs": 3.0,
      "es_threshold": 0.5,
      "year_group": "pre-2018",
      "baseline": {
        "rouge1": 0.5818388611757337,
        "rouge2": 0.5745352722128916,
        "rougeL": 0.5818388611757337,
        "bertscore_precision": 0.8799509108066559,
        "bertscore_recall": 0.9764071404933929,
        "bertscore_f1": 0.9256218373775482,
        "precision": 0.0,
        "recall": 0.0,
        "fpr": 0.0,
        "leak_rate": 0.0,
        "copy_rate": 0.0,
        "suppress_rate": 0.0,
        "any_summary_canary_rate": 0.0,
        "cesr_types_any": 0.0,
        "cesr_types_leak": 0.0
      },
      "dpdd": {
        "rouge1": 0.598725235603181,
        "rouge2": 0.5918038995998336,
        "rougeL": 0.598725235603181,
        "bertscore_precision": 0.8839474320411682,
        "bertscore_recall": 0.9775857925415039,
        "bertscore_f1": 0.928286075592041,
        "precision": 0.0,
        "recall": 0.0,
        "fpr": 0.0,
        "leak_rate": 0.0,
        "copy_rate": 0.0,
        "suppress_rate": 0.0,
        "any_summary_canary_rate": 0.0,
        "cesr_types_any": 0.0,
        "cesr_types_leak": 0.0
      }
    },
    {
      "learning_rate": NaN,
      "lora_rank": NaN,
      "retrieval_docs": NaN,
      "es_threshold": NaN,
      "year_group": null,
      "baseline": {
        "rouge1": null,
        "rouge2": null,
        "rougeL": null,
        "bertscore_precision": null,
        "bertscore_recall": null,
        "bertscore_f1": null,
        "precision": null,
        "recall": null,
        "fpr": null,
        "leak_rate": null,
        "copy_rate": null,
        "suppress_rate": null,
        "any_summary_canary_rate": null,
        "cesr_types_any": null,
        "cesr_types_leak": null
      },
      "dpdd": {
        "rouge1": null,
        "rouge2": null,
        "rougeL": null,
        "bertscore_precision": null,
        "bertscore_recall": null,
        "bertscore_f1": null,
        "precision": null,
        "recall": null,
        "fpr": null,
        "leak_rate": null,
        "copy_rate": null,
        "suppress_rate": null,
        "any_summary_canary_rate": null,
        "cesr_types_any": null,
        "cesr_types_leak": null
      }
    },
    {
      "learning_rate": 0.0001,
      "lora_rank": 8.0,
      "retrieval_docs": 3.0,
      "es_threshold": 0.5,
      "year_group": "post-2022",
      "baseline": {
        "rouge1": 0.5766952116269526,
        "rouge2": 0.5698102960177498,
        "rougeL": 0.5766952116269526,
        "bertscore_precision": 0.8885329961776733,
        "bertscore_recall": 0.9786157310009003,
        "bertscore_f1": 0.9313756227493286,
        "precision": 0.0,
        "recall": 0.0,
        "fpr": 0.0,
        "leak_rate": 0.0,
        "copy_rate": 0.0,
        "suppress_rate": 0.0,
        "any_summary_canary_rate": 0.0,
        "cesr_types_any": 0.0,
        "cesr_types_leak": 0.0
      },
      "dpdd": {
        "rouge1": 0.5770785100305709,
        "rouge2": 0.5701984276263259,
        "rougeL": 0.5770785100305709,
        "bertscore_precision": 0.8880986869335175,
        "bertscore_recall": 0.9778159558773041,
        "bertscore_f1": 0.9307798743247986,
        "precision": 0.0,
        "recall": 0.0,
        "fpr": 0.0,
        "leak_rate": 0.0,
        "copy_rate": 0.0,
        "suppress_rate": 0.0,
        "any_summary_canary_rate": 0.0,
        "cesr_types_any": 0.0,
        "cesr_types_leak": 0.0
      }
    },
    {
      "learning_rate": 0.0001,
      "lora_rank": 8.0,
      "retrieval_docs": 3.0,
      "es_threshold": 0.5,
      "year_group": "2018-2022",
      "baseline": {
        "rouge1": 0.6881679437439328,
        "rouge2": 0.6825145894623558,
        "rougeL": 0.6881679437439328,
        "bertscore_precision": 0.9198807775974274,
        "bertscore_recall": 0.9812963902950287,
        "bertscore_f1": 0.9491518139839172,
        "precision": 1.0,
        "recall": 1.0,
        "fpr": 0.0,
        "leak_rate": 0.0,
        "copy_rate": 0.20408163265306123,
        "suppress_rate": 0.0,
        "any_summary_canary_rate": 0.20408163265306123,
        "cesr_types_any": 0.20500000000000002,
        "cesr_types_leak": 0.0
      },
      "dpdd": {
        "rouge1": 0.6628103646215894,
        "rouge2": 0.6565712325827223,
        "rougeL": 0.6628103646215894,
        "bertscore_precision": 0.9095267355442047,
        "bertscore_recall": 0.980859249830246,
        "bertscore_f1": 0.9433958828449249,
        "precision": 1.0,
        "recall": 1.0,
        "fpr": 0.0,
        "leak_rate": 0.0,
        "copy_rate": 0.20408163265306123,
        "suppress_rate": 0.0,
        "any_summary_canary_rate": 0.20408163265306123,
        "cesr_types_any": 0.20500000000000002,
        "cesr_types_leak": 0.0
      }
    },
    {
      "learning_rate": 0.0003,
      "lora_rank": 8.0,
      "retrieval_docs": 3.0,
      "es_threshold": 0.5,
      "year_group": "post-2022",
      "baseline": {
        "rouge1": 0.6037517375851784,
        "rouge2": 0.5972510306340075,
        "rougeL": 0.6037517375851784,
        "bertscore_precision": 0.8945198655128479,
        "bertscore_recall": 0.979726254940033,
        "bertscore_f1": 0.9350423514842987,
        "precision": 0.0,
        "recall": 0.0,
        "fpr": 0.0,
        "leak_rate": 0.0,
        "copy_rate": 0.0,
        "suppress_rate": 0.0,
        "any_summary_canary_rate": 0.0,
        "cesr_types_any": 0.0,
        "cesr_types_leak": 0.0
      },
      "dpdd": {
        "rouge1": 0.5831840723037646,
        "rouge2": 0.576389480407735,
        "rougeL": 0.5831840723037646,
        "bertscore_precision": 0.8898667395114899,
        "bertscore_recall": 0.979163646697998,
        "bertscore_f1": 0.9323280453681946,
        "precision": 0.0,
        "recall": 0.0,
        "fpr": 0.0,
        "leak_rate": 0.0,
        "copy_rate": 0.0,
        "suppress_rate": 0.0,
        "any_summary_canary_rate": 0.0,
        "cesr_types_any": 0.0,
        "cesr_types_leak": 0.0
      }
    },
    {
      "learning_rate": 0.0001,
      "lora_rank": 4.0,
      "retrieval_docs": 3.0,
      "es_threshold": 0.5,
      "year_group": "post-2022",
      "baseline": {
        "rouge1": 0.5781937490744263,
        "rouge2": 0.5713131632325423,
        "rougeL": 0.5781937490744263,